Category,Name,Alt_Name,Description,Can_Own,Min_Status_Name,Max_Status_Name,Min_Status_Level,Max_Status_Level
Agriculture,Animal Handler,,"responsible for the safe keeping, dietary care, and exercise of animals.",0,"Peasant, Farmer, Laborer","Master craftsman, Artisan, Miller, Scout",3,6
Agriculture,Arborist,,"maintains and cares for trees, often by surgically removing dying limbs.",0,"Peasant, Farmer, Laborer","Master craftsman, Artisan, Miller, Scout",3,6
Agriculture,Baler,,"bales hay, or in the mills, wool and cotton goods.",0,"Peasant, Farmer, Laborer","Master craftsman, Artisan, Miller, Scout",3,6
Agriculture,Beekeeper,,"owns and breeds bees, especially for their honey.",1,"Peasant, Farmer, Laborer","Merchant, Soldier, Watchman, Archer, Business Owner, Renowed Entertainer",3,7
Agriculture,Breeder,,"breeds livestock, animals, or monsters.",0,"Peasant, Farmer, Laborer","Master craftsman, Artisan, Miller, Scout",3,6
Agriculture,Cowherd,,supervises grazing cattle.,0,"Peasant, Farmer, Laborer","Commoner, Adventurer, Sailor, Guard, Entertainer",3,4
Agriculture,Dairyboy,Dairymaid,milks cows and makes cheese and butter.,0,"Peasant, Farmer, Laborer","Peasant, Farmer, Laborer",3,3
Agriculture,Falconer,,"keeps, trains, and hunts with falcons, hawks, or other birds of prey.",0,"Peasant, Farmer, Laborer","Master craftsman, Artisan, Miller, Scout",3,6
Agriculture,Farmer,,operates a farm or cultivates land.,0,"Peasant, Farmer, Laborer","Master craftsman, Artisan, Miller, Scout",3,6
Agriculture,Fisher,,catches fish.,0,"Peasant, Farmer, Laborer","Master craftsman, Artisan, Miller, Scout",3,6
Agriculture,Florist,,grows and arranges plants and cut flowers.,0,"Commoner, Adventurer, Sailor, Guard, Entertainer","Merchant, Soldier, Watchman, Archer, Business Owner, Renowed Entertainer",5,7
Agriculture,Forager,,searches for food in the wild.,0,"Peasant, Farmer, Laborer","Master craftsman, Artisan, Miller, Scout",3,6
Agriculture,Forester,,supervises the wellbeing of a forest.,0,"Peasant, Farmer, Laborer","Master craftsman, Artisan, Miller, Scout",3,6
Agriculture,Fowler,,catches or ensnares birds.,0,"Peasant, Farmer, Laborer","Master craftsman, Artisan, Miller, Scout",3,6
Agriculture,Gamekeeper,,"breeds and protects game, typically for a large estate.",0,"Peasant, Farmer, Laborer","Master craftsman, Artisan, Miller, Scout",3,6
Agriculture,Groom,,"cleans and brushes the coats horses, dogs, or other animals.",0,"Peasant, Farmer, Laborer","Guild apprentice, Journeyman, Militia member",3,5
Agriculture,Herder,,"supervises a herd of livestock or makes a living from keeping livestock, especially in open country.",0,"Peasant, Farmer, Laborer","Commoner, Adventurer, Sailor, Guard, Entertainer",3,4
Agriculture,Horse Trainer,,tends to horses and teaches them different disciplines.,0,"Guild apprentice, Journeyman, Militia member","Master craftsman, Artisan, Miller, Scout",5,6
Agriculture,Hunter,,hunts game or other wild animals.,0,"Peasant, Farmer, Laborer","Master craftsman, Artisan, Miller, Scout",3,6
Agriculture,Lumberjack,,"fells trees, cuts them into logs, and transports them to a sawmill.",0,"Peasant, Farmer, Laborer","Master craftsman, Artisan, Miller, Scout",3,6
Agriculture,Master-of-Horses,,supervises and commands all horses under a jurisdiction.,0,"Guild leader, Bishop, Bandit king, Ranger, Corsair, Low Government","Guild leader, Bishop, Bandit king, Ranger, Corsair, Low Government",8,8
Agriculture,Master-of-Hounds,,"maintains a pack of hounds and their associated staff, equipment, and hunting arrangements.",0,"Guild leader, Bishop, Bandit king, Ranger, Corsair, Low Government","Guild leader, Bishop, Bandit king, Ranger, Corsair, Low Government",8,8
Agriculture,Miller,,owns or works in a grain mill.,1,"Peasant, Farmer, Laborer","Master craftsman, Artisan, Miller, Scout",3,6
Agriculture,Miner,,"works underground in mines in order to obtain minerals such as coal, diamonds, or gold.",0,"Peasant, Farmer, Laborer","Master craftsman, Artisan, Miller, Scout",3,6
Agriculture,Pathfinder,,scouts ahead and discovers a path or way for others.,0,"Peasant, Farmer, Laborer","Master craftsman, Artisan, Miller, Scout",3,6
Agriculture,Plumer,,hunts birds for their plumes.,0,"Peasant, Farmer, Laborer","Master craftsman, Artisan, Miller, Scout",3,6
Agriculture,Prospector,,"searches for mineral deposits, especially by drilling and excavation.",0,"Peasant, Farmer, Laborer","Master craftsman, Artisan, Miller, Scout",3,6
Agriculture,Ranger,,wanders or ranges over a particular area or domain.,0,"Peasant, Farmer, Laborer","Guild leader, Bishop, Bandit King, Ranger, Corsair, Low Government",3,8
Agriculture,Renderer,,converts waste animal tissue into usable materials.,0,"Peasant, Farmer, Laborer","Master craftsman, Artisan, Miller, Scout",3,6
Agriculture,Sheperd,,"herds, tends, and guards sheep.",0,"Peasant, Farmer, Laborer","Commoner, Adventurer, Sailor, Guard, Entertainer",3,4
Agriculture,Stablehand,,works in a stable.,0,"Peasant, Farmer, Laborer","Peasant, Farmer, Laborer",3,3
Agriculture,Thresher,,separates grain from the plants by beating.,0,"Peasant, Farmer, Laborer","Commoner, Adventurer, Sailor, Guard, Entertainer",3,4
Agriculture,Trapper,,"traps wild animals, especially for their fur.",0,"Peasant, Farmer, Laborer","Merchant, Soldier, Watchman, Archer, Business Owner, Renowed Entertainer",3,7
Agriculture,Vintner,,"engages in winemaking, especially with monitoring and harvesting the grapes.",0,"Peasant, Farmer, Laborer","Guild leader, Bishop, Bandit King, Ranger, Corsair, Low Government",3,8
Agriculture,Zookeeper,,maintains and cares for animals or monsters in a zoo.,0,"Peasant, Farmer, Laborer","Master craftsman, Artisan, Miller, Scout",3,6
Architecture_Construction,Architect,,designs buildings or landscapes and in many cases supervises their construction.,0,"Peasant, Farmer, Laborer","Master craftsman, Artisan, Miller, Scout",3,6
Architecture_Construction,Brickmaker,,"crafts bricks from clay, stone, or other materials.",0,"Peasant, Farmer, Laborer","Master craftsman, Artisan, Miller, Scout",3,6
Architecture_Construction,Brickmason,,"builds with mineral products such as stones, bricks, cinder blocks, or tiles, usually with the use of mortar as a bonding agent.",0,"Peasant, Farmer, Laborer","Master craftsman, Artisan, Miller, Scout",3,6
Architecture_Construction,Carpenter,,makes and repairs wooden objects and structures.,0,"Peasant, Farmer, Laborer","Master craftsman, Artisan, Miller, Scout",3,6
Architecture_Construction,Construction Worker,,a laborer in the physical construction of a built environment and its infrastructure.,0,"Peasant, Farmer, Laborer","Master craftsman, Artisan, Miller, Scout",3,6
Architecture_Construction,General Contractor,,"supervises a construction site, manages its vendors and trades, and communicates information to all involved parties.",0,"Peasant, Farmer, Laborer","Master craftsman, Artisan, Miller, Scout",3,6
Architecture_Construction,Glazier,,fits glass into windows and doors.,0,"Peasant, Farmer, Laborer","Master craftsman, Artisan, Miller, Scout",3,6
Architecture_Construction,Plasterer,,"applies plaster to walls, ceilings, or other surfaces.",0,"Peasant, Farmer, Laborer","Master craftsman, Artisan, Miller, Scout",3,6
Architecture_Construction,Roadlayer,,paves roads or streets.,0,"Peasant, Farmer, Laborer","Master craftsman, Artisan, Miller, Scout",3,6
Architecture_Construction,Roofer,,builds and repairs roofs.,0,"Peasant, Farmer, Laborer","Master craftsman, Artisan, Miller, Scout",3,6
Architecture_Construction,Stonemason,,cuts and prepares stone for use in construction.,0,"Peasant, Farmer, Laborer","Master craftsman, Artisan, Miller, Scout",3,6
Arts,Acrobat,,performs spectacular gymnastic feats.,0,"Commoner, Adventurer, Sailor, Guard, Entertainer","Commoner, Adventurer, Sailor, Guard, Entertainer",4,4
Arts,Actor,Actress,"impersonates characters, typically on stage in a theatrical production.",0,"Commoner, Adventurer, Sailor, Guard, Entertainer","Merchant, Soldier, Watchman, Archer, Business Owner, Renowed Entertainer",4,7
Arts,Aerialist,,performs acrobatics high above the ground on a tightrope or trapeze.,0,"Commoner, Adventurer, Sailor, Guard, Entertainer","Commoner, Adventurer, Sailor, Guard, Entertainer",4,4
Arts,Arranger,,adapts a musical composition for performance.,0,"Commoner, Adventurer, Sailor, Guard, Entertainer","Commoner, Adventurer, Sailor, Guard, Entertainer",4,4
Arts,Athlete,,proficient in sports and other forms of physical exercise.,0,"Commoner, Adventurer, Sailor, Guard, Entertainer","Merchant, Soldier, Watchman, Archer, Business Owner, Renowed Entertainer",4,7
Arts,Busker,,"performs in a public place, often for money.",0,"Commoner, Adventurer, Sailor, Guard, Entertainer","Commoner, Adventurer, Sailor, Guard, Entertainer",4,4
Arts,Celebrity,,a famous person.,0,"Commoner, Adventurer, Sailor, Guard, Entertainer","Merchant, Soldier, Watchman, Archer, Business Owner, Renowed Entertainer",4,7
Arts,Chef,,a professional cook trained in the culinary arts.,0,"Commoner, Adventurer, Sailor, Guard, Entertainer","Commoner, Adventurer, Sailor, Guard, Entertainer",4,4
Arts,Choirmaster,,trains a choir and orchestrates their singing when they perform.,0,"Commoner, Adventurer, Sailor, Guard, Entertainer","Commoner, Adventurer, Sailor, Guard, Entertainer",4,4
Arts,Clown,,comic entertainer who wears a traditional costume and exaggerated makeup.,0,"Commoner, Adventurer, Sailor, Guard, Entertainer","Commoner, Adventurer, Sailor, Guard, Entertainer",4,4
Arts,Comedian,,entertainer whose act is designed to make an audience laugh.,0,"Commoner, Adventurer, Sailor, Guard, Entertainer","Merchant, Soldier, Watchman, Archer, Business Owner, Renowed Entertainer",4,7
Arts,Conductor,,directs the performance of an orchestra.,0,"Commoner, Adventurer, Sailor, Guard, Entertainer","Merchant, Soldier, Watchman, Archer, Business Owner, Renowed Entertainer",4,7
Arts,Contortionist,,twists and bends their body into strange and unnatural positions.,0,"Commoner, Adventurer, Sailor, Guard, Entertainer","Commoner, Adventurer, Sailor, Guard, Entertainer",4,4
Arts,Curator,,keeper and custodian of a museum or other collections of precious items.,0,"Commoner, Adventurer, Sailor, Guard, Entertainer","Merchant, Soldier, Watchman, Archer, Business Owner, Renowed Entertainer",4,7
Arts,Costumer,,makes theatrical costumes.,0,"Commoner, Adventurer, Sailor, Guard, Entertainer","Merchant, Soldier, Watchman, Archer, Business Owner, Renowed Entertainer",4,7
Arts,Dancer,,moves their body rhythmically with or without musical accompaniment.,0,"Commoner, Adventurer, Sailor, Guard, Entertainer","Commoner, Adventurer, Sailor, Guard, Entertainer",4,4
Arts,Equilibrist,,performs balancing feats,0,"Commoner, Adventurer, Sailor, Guard, Entertainer","Commoner, Adventurer, Sailor, Guard, Entertainer",4,4
Arts,Fashion Designer,,"applies design, aesthetics and natural beauty to garments and their accessories.",0,"Commoner, Adventurer, Sailor, Guard, Entertainer","Merchant, Soldier, Watchman, Archer, Business Owner, Renowed Entertainer",4,7
Arts,Gladiator,,"fights against other people, wild animals, or monsters in an arena.",0,"Commoner, Adventurer, Sailor, Guard, Entertainer","Merchant, Soldier, Watchman, Archer, Business Owner, Renowed Entertainer",4,7
Arts,Glasspainter,,produces colorful designs on or in glass.,0,"Commoner, Adventurer, Sailor, Guard, Entertainer","Commoner, Adventurer, Sailor, Guard, Entertainer",4,4
Arts,Jester,,"professional joker or “fool” at court, typically wearing a cap with bells on it and carrying a mock scepter.",0,"Commoner, Adventurer, Sailor, Guard, Entertainer","Commoner, Adventurer, Sailor, Guard, Entertainer",4,4
Arts,Juggler,,keeps several objects in motion in the air at the same time by alternately tossing and catching them.,0,"Commoner, Adventurer, Sailor, Guard, Entertainer","Commoner, Adventurer, Sailor, Guard, Entertainer",4,4
Arts,Illuminator,,paints and calligraphs to adorn or enlighten scrolls and manuscripts.,0,"Commoner, Adventurer, Sailor, Guard, Entertainer","Commoner, Adventurer, Sailor, Guard, Entertainer",4,4
Arts,Limner,,paints portraits or miniatures.,0,"Commoner, Adventurer, Sailor, Guard, Entertainer","Commoner, Adventurer, Sailor, Guard, Entertainer",4,4
Arts,Makeup Artist,,"applies cosmetics to models, actors, nobles, etc.",0,"Commoner, Adventurer, Sailor, Guard, Entertainer","Commoner, Adventurer, Sailor, Guard, Entertainer",4,4
Arts,Minstrel,,recites lyric or heroic poetry for nobility.,0,"Commoner, Adventurer, Sailor, Guard, Entertainer","Commoner, Adventurer, Sailor, Guard, Entertainer",4,4
Arts,Model,,"poses as a subject for an artist, fashion designer, or sculptor.",0,"Commoner, Adventurer, Sailor, Guard, Entertainer","Commoner, Adventurer, Sailor, Guard, Entertainer",4,4
Arts,Musician,,plays a musical instrument.,0,"Commoner, Adventurer, Sailor, Guard, Entertainer","Merchant, Soldier, Watchman, Archer, Business Owner, Renowed Entertainer",4,7
Arts,Painter,,paints pictures.,0,"Commoner, Adventurer, Sailor, Guard, Entertainer","Merchant, Soldier, Watchman, Archer, Business Owner, Renowed Entertainer",4,7
Arts,Playwright,,writes plays or musicals,0,"Commoner, Adventurer, Sailor, Guard, Entertainer","Merchant, Soldier, Watchman, Archer, Business Owner, Renowed Entertainer",4,7
Arts,Poet,,"writes ballads, epics, sonnets, or other forms of poetry.",0,"Commoner, Adventurer, Sailor, Guard, Entertainer","Merchant, Soldier, Watchman, Archer, Business Owner, Renowed Entertainer",4,7
Arts,Ringmaster,,master of ceremony who introduces the circus acts to the audience.,0,"Commoner, Adventurer, Sailor, Guard, Entertainer","Merchant, Soldier, Watchman, Archer, Business Owner, Renowed Entertainer",4,7
Arts,Ropewalker,,walks along a tightrope to entertain others.,0,"Commoner, Adventurer, Sailor, Guard, Entertainer","Commoner, Adventurer, Sailor, Guard, Entertainer",4,4
Arts,Sculptor,,"crafts art by carving or casting blocks of marble, stones, or other hardened minerals.",0,"Commoner, Adventurer, Sailor, Guard, Entertainer","Commoner, Adventurer, Sailor, Guard, Entertainer",4,4
Arts,Singer,,sings with or without instrumental accompaniment.,0,"Commoner, Adventurer, Sailor, Guard, Entertainer","Merchant, Soldier, Watchman, Archer, Business Owner, Renowed Entertainer",4,7
Arts,Skald,,composes and recites poems honoring heroes and their deeds.,0,"Commoner, Adventurer, Sailor, Guard, Entertainer","Commoner, Adventurer, Sailor, Guard, Entertainer",4,4
Arts,Magician,,deceives their audience with seemingly impossible feats while using only natural means.,0,"Commoner, Adventurer, Sailor, Guard, Entertainer","Merchant, Soldier, Watchman, Archer, Business Owner, Renowed Entertainer",4,7
Arts,Stuntman,Stuntwoman,performs dangerous stunts for their audience.,0,"Commoner, Adventurer, Sailor, Guard, Entertainer","Commoner, Adventurer, Sailor, Guard, Entertainer",4,4
Arts,Tattooist,,"illustrates the skin with indelible patterns, pictures, legends, etc.",0,"Commoner, Adventurer, Sailor, Guard, Entertainer","Commoner, Adventurer, Sailor, Guard, Entertainer",4,4
Arts,Director,,supervises and orchestrates the mounting of a theatre production by unifying various endeavors and aspects of production.,0,"Commoner, Adventurer, Sailor, Guard, Entertainer","Merchant, Soldier, Watchman, Archer, Business Owner, Renowed Entertainer",4,7
Arts,Wrestler,,performs in matches involving grappling and grappling-type techniques.,0,"Commoner, Adventurer, Sailor, Guard, Entertainer","Merchant, Soldier, Watchman, Archer, Business Owner, Renowed Entertainer",4,7
Arts,Writer,,"commits his or her thoughts, ideas, etc., into written language.",0,"Commoner, Adventurer, Sailor, Guard, Entertainer","Merchant, Soldier, Watchman, Archer, Business Owner, Renowed Entertainer",4,7
Business_Trade,Accountant,,keeps and inspects financial accounts.,1,"Commoner, Adventurer, Sailor, Guard, Entertainer","Merchant, Soldier, Watchman, Archer, Business Owner, Renowed Entertainer",4,7
Business_Trade,Actuary,,compiles and analyzes statistics and uses them to calculate risk.,0,"Commoner, Adventurer, Sailor, Guard, Entertainer","Master craftsman, Artisan, Miller, Scout",4,6
Business_Trade,Animal Collector,,collects and deals in rare and exotic animals and monsters.,0,"Commoner, Adventurer, Sailor, Guard, Entertainer","Merchant, Soldier, Watchman, Archer, Business Owner, Renowed Entertainer",4,7
Business_Trade,Business Owner,,owns a business entity in an attempt to profit from its successful operations.,1,"Merchant, Soldier, Watchman, Archer, Business Owner, Renowed Entertainer","Merchant, Soldier, Watchman, Archer, Business Owner, Renowed Entertainer",7,7
Business_Trade,Debt Collector,,recovers money owed on delinquent accounts.,0,"Commoner, Adventurer, Sailor, Guard, Entertainer","Commoner, Adventurer, Sailor, Guard, Entertainer",4,4
Business_Trade,Draper,,an alcohol merchant.,1,"Merchant, Soldier, Watchman, Archer, Business Owner, Renowed Entertainer","Master merchant, Councilor, Paladin, Cleric",7,9
Business_Trade,Appraiser,,assesses the monetary value of something.,0,"Guild apprentice, Journeyman, Militia member","Master merchant, Councilor, Paladin, Cleric",5,9
Business_Trade,Auctioneer,,conducts auctions by accepting bids and declaring goods sold.,0,"Guild apprentice, Journeyman, Militia member","Master merchant, Councilor, Paladin, Cleric",5,9
Business_Trade,Banker,,an officer or owner of a bank or group of banks.,1,"Merchant, Soldier, Watchman, Archer, Business Owner, Renowed Entertainer","Master merchant, Councilor, Paladin, Cleric",7,9
Business_Trade,Bagniokeeper,,owner of a bath house or brothel.,1,"Merchant, Soldier, Watchman, Archer, Business Owner, Renowed Entertainer","Master merchant, Councilor, Paladin, Cleric",7,9
Business_Trade,Bookkeeper,,keeps records of financial affairs.,0,"Commoner, Adventurer, Sailor, Guard, Entertainer","Master craftsman, Artisan, Miller, Scout",4,6
Business_Trade,Chandler,,deals in provisions and supplies.,0,"Commoner, Adventurer, Sailor, Guard, Entertainer","Master craftsman, Artisan, Miller, Scout",4,6
Business_Trade,Collector,,"collects things of a specified type, professionally or as a hobby.",0,"Commoner, Adventurer, Sailor, Guard, Entertainer","Master merchant, Councilor, Paladin, Cleric",4,9
Business_Trade,Entrepreneur,,"organizes and operates a business or businesses, taking on greater than normal financial risks in order to do so.",0,"Commoner, Adventurer, Sailor, Guard, Entertainer","Merchant, Soldier, Watchman, Archer, Business Owner, Renowed Entertainer",4,7
Business_Trade,Grocer,,a food merchant.,0,"Commoner, Adventurer, Sailor, Guard, Entertainer","Merchant, Soldier, Watchman, Archer, Business Owner, Renowed Entertainer",4,7
Business_Trade,Guild Master,,leads an economically independent producer,0,"Guild leader, Bishop, Bandit King, Ranger, Corsair, Low Government","Guild leader, Bishop, Bandit King, Ranger, Corsair, Low Government",8,8
Business_Trade,Innkeeper,,owns and runs an inn.,1,"Merchant, Soldier, Watchman, Archer, Business Owner, Renowed Entertainer","Merchant, Soldier, Watchman, Archer, Business Owner, Renowed Entertainer",7,7
Business_Trade,Land Lord,Land Lady,owns and manages land and the buildings and businesses built upon them.,1,"Merchant, Soldier, Watchman, Archer, Business Owner, Renowed Entertainer","Guild leader, Bishop, Bandit King, Ranger, Corsair, Low Government",7,8
Business_Trade,Land Surveyor,,establishes maps and boundaries for ownership or other purposes required by government or civil law.,0,"Merchant, Soldier, Watchman, Archer, Business Owner, Renowed Entertainer","Guild leader, Bishop, Bandit King, Ranger, Corsair, Low Government",7,8
Business_Trade,Merchant,,sells and trades goods.,0,"Merchant, Soldier, Watchman, Archer, Business Owner, Renowed Entertainer","Master merchant, Councilor, Paladin, Cleric",7,9
Business_Trade,Moneychanger,,exchanges one currency for another.,0,"Merchant, Soldier, Watchman, Archer, Business Owner, Renowed Entertainer","Merchant, Soldier, Watchman, Archer, Business Owner, Renowed Entertainer",7,7
Business_Trade,Moneylender,,lends money to others who pay interest.,1,"Commoner, Adventurer, Sailor, Guard, Entertainer","Merchant, Soldier, Watchman, Archer, Business Owner, Renowed Entertainer",4,7
Business_Trade,Peddler ,,travels from place to place selling assorted items.,0,"Commoner, Adventurer, Sailor, Guard, Entertainer","Guild apprentice, Journeyman, Militia member",4,5
Business_Trade,Pimp,Madame,"controls prostitutes and arranges clients for them, taking part of their earnings in return.",1,"Serf, Kobold, Goblin, Bandit","Serf, Kobold, Goblin, Bandit",2,2
Business_Trade,Plantation Owner,,"an owner of an estate on which crops are cultivated by resident labor, typically slave labor.",1,"Merchant, Soldier, Watchman, Archer, Business Owner, Renowed Entertainer","Guild leader, Bishop, Bandit King, Ranger, Corsair, Low Government",7,8
Business_Trade,Speculator,,"invests in stocks, property, or other ventures in the hope of making a profit.",0,"Master craftsman, Artisan, Miller, Scout","Merchant, Soldier, Watchman, Archer, Business Owner, Renowed Entertainer",6,7
Business_Trade,Thriftdealer,,deals in secondhand items.,0,"Commoner, Adventurer, Sailor, Guard, Entertainer","Guild apprentice, Journeyman, Militia member",4,5
Business_Trade,Tradesman,,deals exclusively in bartering.,0,"Commoner, Adventurer, Sailor, Guard, Entertainer","Guild apprentice, Journeyman, Militia member",4,5
Business_Trade,Vendor,,deals items in the street.,0,"Commoner, Adventurer, Sailor, Guard, Entertainer","Guild apprentice, Journeyman, Militia member",4,5
Communications,Billboardposter,,"a person who puts up notices, signs and advertisements",0,"Commoner, Adventurer, Sailor, Guard, Entertainer","Guild apprentice, Journeyman, Militia member",4,5
Communications,Courier,,transports packages and documents.,0,"Commoner, Adventurer, Sailor, Guard, Entertainer","Guild apprentice, Journeyman, Militia member",4,5
Communications,Herald,,a messenger who carries important news.,0,"Commoner, Adventurer, Sailor, Guard, Entertainer","Guild apprentice, Journeyman, Militia member",4,5
Communications,Interpreter,,"interprets language and its meaning, especially within ancient manuscripts.",0,"Guild apprentice, Journeyman, Militia member","Master craftsman, Artisan, Miller, Scout",5,6
Communications,Linguist,,"studies the essence of communication, including the units, nature, structure, and modification of language.",0,"Guild apprentice, Journeyman, Militia member","Master craftsman, Artisan, Miller, Scout",5,6
Communications,Messenger,,carries messages between recipients.,0,"Commoner, Adventurer, Sailor, Guard, Entertainer","Guild apprentice, Journeyman, Militia member",4,5
Communications,Town Crier,,makes public announcements in the streets or marketplace.,0,"Commoner, Adventurer, Sailor, Guard, Entertainer","Guild apprentice, Journeyman, Militia member",4,5
Communications,Translator,,translates between languages.,0,"Guild apprentice, Journeyman, Militia member","Master craftsman, Artisan, Miller, Scout",5,6
Craftmanship,Accoutrementer,,makes currency for the government.,0,"Guild apprentice, Journeyman, Militia member","Master craftsman, Artisan, Miller, Scout",5,6
Craftmanship,Armorer,,specializes in making and repairing armor.,1,"Guild apprentice, Journeyman, Militia member","Merchant, Soldier, Watchman, Archer, Business Owner, Renowed Entertainer",5,7
Craftmanship,Blacksmith,,"forges and repairs things in metal, including weapons, armor, utensils, etc.",1,"Guild apprentice, Journeyman, Militia member","Merchant, Soldier, Watchman, Archer, Business Owner, Renowed Entertainer",5,7
Craftmanship,Bladesmith,,"specializes in making and repairing bladed weapons, especially swords and daggers.",1,"Guild apprentice, Journeyman, Militia member","Merchant, Soldier, Watchman, Archer, Business Owner, Renowed Entertainer",5,7
Craftmanship,Bookbinder,,binds books and wraps scrolls.,1,"Guild apprentice, Journeyman, Militia member","Merchant, Soldier, Watchman, Archer, Business Owner, Renowed Entertainer",5,7
Craftmanship,Bottler,,bottles drinks and other liquids.,1,"Guild apprentice, Journeyman, Militia member","Merchant, Soldier, Watchman, Archer, Business Owner, Renowed Entertainer",5,7
Craftmanship,Bowyer,,makes bows and crossbows.,1,"Guild apprentice, Journeyman, Militia member","Merchant, Soldier, Watchman, Archer, Business Owner, Renowed Entertainer",5,7
Craftmanship,Brewer,,brews ale.,1,"Guild apprentice, Journeyman, Militia member","Merchant, Soldier, Watchman, Archer, Business Owner, Renowed Entertainer",5,7
Craftmanship,Broom Maker,,makes brooms and brushes.,1,"Guild apprentice, Journeyman, Militia member","Merchant, Soldier, Watchman, Archer, Business Owner, Renowed Entertainer",5,7
Craftmanship,Candlemaker,,makes candles and wax from honey and tallow.,1,"Guild apprentice, Journeyman, Militia member","Merchant, Soldier, Watchman, Archer, Business Owner, Renowed Entertainer",5,7
Craftmanship,Cartwright,,makes and repairs carts and wagons.,1,"Guild apprentice, Journeyman, Militia member","Merchant, Soldier, Watchman, Archer, Business Owner, Renowed Entertainer",5,7
Craftmanship,Cobbler,,makes and repairs footwear.,1,"Guild apprentice, Journeyman, Militia member","Merchant, Soldier, Watchman, Archer, Business Owner, Renowed Entertainer",5,7
Craftmanship,Cooper,,makes and repairs casks and barrels.,1,"Guild apprentice, Journeyman, Militia member","Merchant, Soldier, Watchman, Archer, Business Owner, Renowed Entertainer",5,7
Craftmanship,Cutler,,makes cutlery.,1,"Guild apprentice, Journeyman, Militia member","Merchant, Soldier, Watchman, Archer, Business Owner, Renowed Entertainer",5,7
Craftmanship,Dyer,,dyes cloth and other materials.,1,"Guild apprentice, Journeyman, Militia member","Merchant, Soldier, Watchman, Archer, Business Owner, Renowed Entertainer",5,7
Craftmanship,Embroiderer,,ornaments with needlework.,1,"Guild apprentice, Journeyman, Militia member","Merchant, Soldier, Watchman, Archer, Business Owner, Renowed Entertainer",5,7
Craftmanship,Engraver,,incises a design onto a hard surface by cutting grooves into it.,1,"Guild apprentice, Journeyman, Militia member","Merchant, Soldier, Watchman, Archer, Business Owner, Renowed Entertainer",5,7
Craftmanship,Farrier,,trims and shoes horses’ hooves.,1,"Guild apprentice, Journeyman, Militia member","Merchant, Soldier, Watchman, Archer, Business Owner, Renowed Entertainer",5,7
Craftmanship,Fletcher,,makes and repairs arrows.,1,"Guild apprentice, Journeyman, Militia member","Merchant, Soldier, Watchman, Archer, Business Owner, Renowed Entertainer",5,7
Craftmanship,Furniture Artisan,,makes and repairs furniture.,1,"Guild apprentice, Journeyman, Militia member","Merchant, Soldier, Watchman, Archer, Business Owner, Renowed Entertainer",5,7
Craftmanship,Furrier,,prepares furs for adornment.,1,"Guild apprentice, Journeyman, Militia member","Merchant, Soldier, Watchman, Archer, Business Owner, Renowed Entertainer",5,7
Craftmanship,Glassworker,,blows glass planes and items.,1,"Guild apprentice, Journeyman, Militia member","Merchant, Soldier, Watchman, Archer, Business Owner, Renowed Entertainer",5,7
Craftmanship,Glovemaker,,makes and repairs gloves.,1,"Guild apprentice, Journeyman, Militia member","Merchant, Soldier, Watchman, Archer, Business Owner, Renowed Entertainer",5,7
Craftmanship,Goldsmith,,a smith who specializes in precious metals.,1,"Guild apprentice, Journeyman, Militia member","Merchant, Soldier, Watchman, Archer, Business Owner, Renowed Entertainer",5,7
Craftmanship,Hatter,,makes and repairs headwear.,1,"Guild apprentice, Journeyman, Militia member","Merchant, Soldier, Watchman, Archer, Business Owner, Renowed Entertainer",5,7
Craftmanship,Instrument Maker,,makes and repairs musical instruments.,1,"Guild apprentice, Journeyman, Militia member","Merchant, Soldier, Watchman, Archer, Business Owner, Renowed Entertainer",5,7
Craftmanship,Lapidary,,"turns stone, minerals, or gemstones into decorative items such as cabochons, engraved gems, and faceted designs.",1,"Guild apprentice, Journeyman, Militia member","Merchant, Soldier, Watchman, Archer, Business Owner, Renowed Entertainer",5,7
Craftmanship,Leatherworker,,"makes items from leather such as pouches, scabbards, straps, etc.",1,"Guild apprentice, Journeyman, Militia member","Merchant, Soldier, Watchman, Archer, Business Owner, Renowed Entertainer",5,7
Craftmanship,Jeweler,,"designs, makes, and repairs necklaces, bracelets, watches, etc., often containing jewels.",1,"Guild apprentice, Journeyman, Militia member","Merchant, Soldier, Watchman, Archer, Business Owner, Renowed Entertainer",5,7
Craftmanship,Locksmith,,makes and repairs locks.,1,"Guild apprentice, Journeyman, Militia member","Merchant, Soldier, Watchman, Archer, Business Owner, Renowed Entertainer",5,7
Craftmanship,Luthier,,makes and repairs stringed instruments.,1,"Guild apprentice, Journeyman, Militia member","Merchant, Soldier, Watchman, Archer, Business Owner, Renowed Entertainer",5,7
Craftmanship,Mercer,,"weaves textile fabrics, especially silks, velvets, and other fine materials.",1,"Guild apprentice, Journeyman, Militia member","Merchant, Soldier, Watchman, Archer, Business Owner, Renowed Entertainer",5,7
Craftmanship,Optician,,makes and repairs eyeglasses.,1,"Guild apprentice, Journeyman, Militia member","Merchant, Soldier, Watchman, Archer, Business Owner, Renowed Entertainer",5,7
Craftmanship,Potter,,"makes pots, bowls, plates, etc., out of clay.",1,"Guild apprentice, Journeyman, Militia member","Merchant, Soldier, Watchman, Archer, Business Owner, Renowed Entertainer",5,7
Craftmanship,Printer,,"a person who applies pressure to an inked surface resting upon a print medium (such as paper or cloth), thereby transferring the ink to manufacture a text.",1,"Guild apprentice, Journeyman, Militia member","Merchant, Soldier, Watchman, Archer, Business Owner, Renowed Entertainer",5,7
Craftmanship,Restorer,,repairs or renovates a work of art so as to return it to its original condition.,1,"Guild apprentice, Journeyman, Militia member","Merchant, Soldier, Watchman, Archer, Business Owner, Renowed Entertainer",5,7
Craftmanship,Ropemaker,,braids rope.,1,"Guild apprentice, Journeyman, Militia member","Merchant, Soldier, Watchman, Archer, Business Owner, Renowed Entertainer",5,7
Craftmanship,Rugmaker,,"makes and repairs rugs by braiding, hooking, weaving, etc.",1,"Guild apprentice, Journeyman, Militia member","Merchant, Soldier, Watchman, Archer, Business Owner, Renowed Entertainer",5,7
Craftmanship,Saddler,,makes and repairs saddlery.,1,"Guild apprentice, Journeyman, Militia member","Merchant, Soldier, Watchman, Archer, Business Owner, Renowed Entertainer",5,7
Craftmanship,Tailor,Seamstress,"makes, alters, repairs, as well as occasionally designing garments.",1,"Guild apprentice, Journeyman, Militia member","Merchant, Soldier, Watchman, Archer, Business Owner, Renowed Entertainer",5,7
Craftmanship,Soaper,,"makes soap from accumulated mutton fat, wood ash, and natural soda.",1,"Guild apprentice, Journeyman, Militia member","Merchant, Soldier, Watchman, Archer, Business Owner, Renowed Entertainer",5,7
Craftmanship,Tanner,,treats the skins and hides of animals to produce leather.,1,"Guild apprentice, Journeyman, Militia member","Merchant, Soldier, Watchman, Archer, Business Owner, Renowed Entertainer",5,7
Craftmanship,Taxidermist,,"prepares, stuffs, and mounts the skins of animals.",1,"Guild apprentice, Journeyman, Militia member","Merchant, Soldier, Watchman, Archer, Business Owner, Renowed Entertainer",5,7
Craftmanship,Tinker,,travels from place to place mending utensils.,1,"Guild apprentice, Journeyman, Militia member","Merchant, Soldier, Watchman, Archer, Business Owner, Renowed Entertainer",5,7
Craftmanship,Toymaker,,makes and repairs toys.,1,"Guild apprentice, Journeyman, Militia member","Merchant, Soldier, Watchman, Archer, Business Owner, Renowed Entertainer",5,7
Craftmanship,Watchmaker,,makes and repairs watches and clocks.,1,"Guild apprentice, Journeyman, Militia member","Merchant, Soldier, Watchman, Archer, Business Owner, Renowed Entertainer",5,7
Craftmanship,Weaponsmith,,specializes in making and repairing weapons.,1,"Guild apprentice, Journeyman, Militia member","Merchant, Soldier, Watchman, Archer, Business Owner, Renowed Entertainer",5,7
Craftmanship,Weaver,,makes fabric by weaving fiber together.,1,"Guild apprentice, Journeyman, Militia member","Merchant, Soldier, Watchman, Archer, Business Owner, Renowed Entertainer",5,7
Craftmanship,Wheelwright,,makes and repairs wooden wheels.,1,"Guild apprentice, Journeyman, Militia member","Merchant, Soldier, Watchman, Archer, Business Owner, Renowed Entertainer",5,7
Craftmanship,Whittler,,fashions wood into various shapes.,1,"Guild apprentice, Journeyman, Militia member","Merchant, Soldier, Watchman, Archer, Business Owner, Renowed Entertainer",5,7
Crime,Assassin,,"murders through stealth for reasons pertaining to money, politics, or religion.",0,"Thrall, Bond Servant","Thrall, Bond Servant",1,1
Crime,Bandit,,a robber or outlaw belonging to a gang and typically operating in an isolated or lawless area.,0,"Thrall, Bond Servant","Thrall, Bond Servant",1,1
Crime,Burglar,,illegally enters buildings and steals things.,0,"Thrall, Bond Servant","Thrall, Bond Servant",1,1
Crime,Charlatan,,tricks people by gaining their trust and persuading them to believe something that is not true in order to benefit from the encounter.,0,"Thrall, Bond Servant","Thrall, Bond Servant",1,1
Crime,Cockfighter,,"engages in arena matches in which animals or monsters are pitted against one another, typically to the death.",0,"Thrall, Bond Servant","Thrall, Bond Servant",1,1
Crime,Crime Boss,,controls and supervises a criminal organization.,1,"Guild leader, Bishop, Bandit King, Ranger, Corsair, Low Government","Guild leader, Bishop, Bandit King, Ranger, Corsair, Low Government",8,8
Crime,Cutpurse,,a pickpocket or thief.,0,"Thrall, Bond Servant","Thrall, Bond Servant",1,1
Crime,Drug Dealer,,dealer of illegal substances.,1,"Master craftsman, Artisan, Miller, Scout","Master craftsman, Artisan, Miller, Scout",6,6
Crime,Drug Lord,,controls a network of persons involved in the illegal drugs trade and transactions.,0,"Thrall, Bond Servant","Thrall, Bond Servant",1,1
Crime,Extortioner,,extorts money from someone by threatening to expose embarrassing information about them.,0,"Thrall, Bond Servant","Thrall, Bond Servant",1,1
Crime,Fence,,deals in stolen goods.,0,"Thrall, Bond Servant","Thrall, Bond Servant",1,1
Crime,Forger,,produces fraudulent copies or imitations.,0,"Thrall, Bond Servant","Thrall, Bond Servant",1,1
Crime,Fugitive,,"a person who has escaped from a place or is in hiding, especially to avoid arrest or persecution.",0,"Thrall, Bond Servant","Thrall, Bond Servant",1,1
Crime,Highwayman,,robs travelers on a road.,0,"Thrall, Bond Servant","Thrall, Bond Servant",1,1
Crime,Kidnapper,,"abducts people and holds them captive, typically to obtain a ransom.",0,"Thrall, Bond Servant","Thrall, Bond Servant",1,1
Crime,Loan Shark,,"charges extremely high rates of interest for moneylending, typically under illegal conditions.",1,"Guild apprentice, Journeyman, Militia member","Guild apprentice, Journeyman, Militia member",5,5
Crime,Pirate,,attacks and robs ships at sea.,0,"Thrall, Bond Servant","Thrall, Bond Servant",1,1
Crime,Poacher,,hunts illegal game.,0,"Thrall, Bond Servant","Thrall, Bond Servant",1,1
Crime,Poisoner,,makes poisons to harm or kill.,1,"Thrall, Bond Servant","Thrall, Bond Servant",1,1
Crime,Raider,,"makes sudden, unprompted attacks against defenseless or near-defenseless settlements.",0,"Thrall, Bond Servant","Thrall, Bond Servant",1,1
Crime,Smuggler,,"manages the import or export of goods secretly, in violation of the law, especially without payment of legal duty.",0,"Thrall, Bond Servant","Thrall, Bond Servant",1,1
Crime,Thief,,"steals people’s property, especially by stealth and without using force or violence.",0,"Thrall, Bond Servant","Thrall, Bond Servant",1,1
Government_Law,Affeeror,,determines the values of fines and amercements.,0,"Guild apprentice, Journeyman, Militia member","Merchant, Soldier, Watchman, Archer, Business Owner, Renowed Entertainer",5,7
Government_Law,Agister,,affords pasture to the livestock of others for a price.,0,"Merchant, Soldier, Watchman, Archer, Business Owner, Renowed Entertainer","Guild leader, Bishop, Bandit King, Ranger, Corsair, Low Government",7,8
Government_Law,Alderman,,a civic dignitary in the local council ranked below the mayor.,0,"Guild leader, Bishop, Bandit King, Ranger, Corsair, Low Government","Guild leader, Bishop, Bandit King, Ranger, Corsair, Low Government",8,8
Government_Law,Alienist,,assesses the competence of a defendant in a court of law.,0,"Guild leader, Bishop, Bandit King, Ranger, Corsair, Low Government","Guild leader, Bishop, Bandit King, Ranger, Corsair, Low Government",8,8
Government_Law,Aristocrat,,a person belonging to a class with high social or political status.,0,"Kight or Petty Noble, Cult Leader, Court Jester, Senator, Upper Government","Kight or Petty Noble, Cult Leader, Court Jester, Senator, Upper Government",11,11
Government_Law,Assay Master,,oversees the testing of currency.,0,"Guild leader, Bishop, Bandit King, Ranger, Corsair, Low Government","Ship or Army Captain, Mayor, Clan Chieftain, Caravan master, Middle Government",8,11
Government_Law,Baron,Baroness,a member of the lowest order of the British nobility.,0,"Baron, Earl, Margrave, Magnate, Master Duelist, Wizard, Ambassador","Baron, Earl, Margrave, Magnate, Master Duelist, Wizard, Ambassador",17,18
Government_Law,Chancellor,,a senior state or legal official.,0,"Kight or Petty Noble, Cult Leader, Court Jester, Senator, Upper Government","Noble Heir, Castle Commander, Master of Spies, Herald",12,13
Government_Law,Chief,,leads or rules a people or clan.,0,"Ship or Army Captain, Mayor, Clan Chieftain, Caravan master, Middle Government","Ship or Army Captain, Mayor, Clan Chieftain, Caravan master, Middle Government",10,10
Government_Law,Conservationist,,advocates for the protection and preservation of the environment and wildlife.,0,"Guild leader, Bishop, Bandit King, Ranger, Corsair, Low Government","Ship or Army Captain, Mayor, Clan Chieftain, Caravan master, Middle Government",8,10
Government_Law,Count,Countess,a nobleperson ranking above a viscount and below a marquess.,0,"Prince, Princess, Count, Commander of Knightly Order,","Prince, Princess, Count, Commander of Knightly Order,",21,25
Government_Law,Courtier,,attends court as a companion or adviser to the king or queen.,0,"Ship or Army Captain, Mayor, Clan Chieftain, Caravan master, Middle Government","Ship or Army Captain, Mayor, Clan Chieftain, Caravan master, Middle Government",10,10
Government_Law,Diplomat,,an official representing a country abroad.,0,"Baron, Earl, Margrave, Magnate, Master Duelist, Wizard, Ambassador","Baron, Earl, Margrave, Magnate, Master Duelist, Wizard, Ambassador",17,17
Government_Law,Duke,Duchess,rules over a duchy and is of the highest rank below the monarch.,0,"Duke, Duchess, Royal Heir, Supreme Swordsman","Duke, Duchess, Royal Heir, Supreme Swordsman",28,30
Government_Law,Emperor,Empress,the supreme sovereign ruler of an extensive group of states or countries under a single authority.,0,"Emperor, Empress","Emperor, Empress",51,60
Government_Law,Judge,,decides cases in a court of law.,0,"Guild leader, Bishop, Bandit King, Ranger, Corsair, Low Government","Ship or Army Captain, Mayor, Clan Chieftain, Caravan master, Middle Government",8,10
Government_Law,King,Queen,the ruler of an independent state and its people.,0,"King, Queen","King, Queen",41,50
Government_Law,Knight,,serves his or her sovereign after being bestowed a rank of royal honor.,0,"Kight or Petty Noble, Cult Leader, Court Jester, Senator, Upper Government","Kight or Petty Noble, Cult Leader, Court Jester, Senator, Upper Government",11,12
Government_Law,Lady-in-Waiting,,"attends a queen, princess, or other high-ranking feminine nobleperson.",0,"Kight or Petty Noble, Cult Leader, Court Jester, Senator, Upper Government","Kight or Petty Noble, Cult Leader, Court Jester, Senator, Upper Government",11,12
Government_Law,Lawyer,,"practices or studies law, typically an attorney or a counselor.",1,"Guild leader, Bishop, Bandit King, Ranger, Corsair, Low Government","Ship or Army Captain, Mayor, Clan Chieftain, Caravan master, Middle Government",8,10
Government_Law,Marquess,Marchioness,a nobleperson ranking above a count and below a duke.,0,"Duke, Duchess, Royal Heir, Supreme Swordsman","Duke, Duchess, Royal Heir, Supreme Swordsman",26,27
Government_Law,Master-of-Coin,Madame-of-Coin,"supervises the royal treasury, advises the monarch on financial matters, and is responsible for raising money through taxation.",0,"Kight or Petty Noble, Cult Leader, Court Jester, Senator, Upper Government","Kight or Petty Noble, Cult Leader, Court Jester, Senator, Upper Government",11,11
Government_Law,Master-of-the-Revels,Madame-of-the-Revels,responsible for overseeing royal festivities.,0,"Ship or Army Captain, Mayor, Clan Chieftain, Caravan master, Middle Government","Ship or Army Captain, Mayor, Clan Chieftain, Caravan master, Middle Government",10,10
Government_Law,Minister,,assists with the administration of business.,0,"Lord or Lady, Merchant Prince, Noble, General, Admiral, High Government","Lord or Lady, Merchant Prince, Noble, General, Admiral, High Government",14,14
Government_Law,Noble,,a person belonging to a class with high social or political status.,0,"Lord or Lady, Merchant Prince, Noble, General, Admiral, High Government","Lord or Lady, Merchant Prince, Noble, General, Admiral, High Government",14,16
Government_Law,Notary,,"performs certain legal formalities, especially to draw up or certify contracts, deeds, and other documents for use in other jurisdictions.",0,"Guild leader, Bishop, Bandit King, Ranger, Corsair, Low Government","Guild leader, Bishop, Bandit King, Ranger, Corsair, Low Government",8,8
Government_Law,Spokesman,Spokeswoman,makes statements on behalf of a group or individual nobleperson.,0,"Ship or Army Captain, Mayor, Clan Chieftain, Caravan master, Middle Government","Ship or Army Captain, Mayor, Clan Chieftain, Caravan master, Middle Government",10,10
Government_Law,Page,,a young attendant to a person of noble rank.,0,"Master merchant, Councilor, Paladin, Cleric","Master merchant, Councilor, Paladin, Cleric",9,9
Government_Law,Prince,Princess,the direct descendant of a monarch.,0,"Prince, Princess, Count, Commander of Knightly Order,","Prince, Princess, Count, Commander of Knightly Order,",21,25
Government_Law,Senator,,partakes in governmental decision-making after being elected.,0,"Kight or Petty Noble, Cult Leader, Court Jester, Senator, Upper Government","Kight or Petty Noble, Cult Leader, Court Jester, Senator, Upper Government",11,12
Government_Law,Sheriff,,"the chief executive officer in a county, having various administrative and judicial functions.",0,"Guild leader, Bishop, Bandit King, Ranger, Corsair, Low Government","Ship or Army Captain, Mayor, Clan Chieftain, Caravan master, Middle Government",8,10
Government_Law,Spymaster,,"directs a network of subordinate espionage agents for a state, kingdom, or empire.",0,"Noble Heir, Castle Commander, Master of Spies, Herald","Noble Heir, Castle Commander, Master of Spies, Herald",13,14
Government_Law,Steward,,supervises both the estate and household of his lord or lady while they are away.,0,"Master merchant, Councilor, Paladin, Cleric","Master merchant, Councilor, Paladin, Cleric",9,9
Government_Law,Squire,,acts as an attendant to a knight before attempting to become a knight themselves.,0,"Ship or Army Captain, Mayor, Clan Chieftain, Caravan master, Middle Government","Ship or Army Captain, Mayor, Clan Chieftain, Caravan master, Middle Government",10,10
Government_Law,Tax Collector,,"collects unpaid taxes from people, guilds, or businesses.",0,"Guild leader, Bishop, Bandit King, Ranger, Corsair, Low Government","Guild leader, Bishop, Bandit King, Ranger, Corsair, Low Government",8,8
Government_Law,Viscount,Viscountess,a nobleperson ranking above a baron and below a count.,0,"Provincial Governor, Keeper of Treasury","Provincial Governor, Keeper of Treasury",19,20
Government_Law,Ward,,a member of a noble house who has been taken in by another noble family to be raised for a time.,0,"Kight or Petty Noble, Cult Leader, Court Jester, Senator, Upper Government","Kight or Petty Noble, Cult Leader, Court Jester, Senator, Upper Government",11,12
Hospitality_CommonLabor,Acater,,provides and prepares foodstuffs or delicacies for events such as festivals.,1,"Guild apprentice, Journeyman, Militia member","Merchant, Soldier, Watchman, Archer, Business Owner, Renowed Entertainer",5,7
Hospitality_CommonLabor,Tunner,,fills casks in a brewery or winery.,0,"Commoner, Adventurer, Sailor, Guard, Entertainer","Commoner, Adventurer, Sailor, Guard, Entertainer",4,4
Hospitality_CommonLabor,Baker,,bakes bread and cakes.,1,"Guild apprentice, Journeyman, Militia member","Guild leader, Bishop, Bandit King, Ranger, Corsair, Low Government",5,8
Hospitality_CommonLabor,Barber,,cuts hair and shaves or trims beards.,1,"Guild apprentice, Journeyman, Militia member","Guild leader, Bishop, Bandit King, Ranger, Corsair, Low Government",5,8
Hospitality_CommonLabor,Barkeep,,works and serves drinks in a bar.,0,"Commoner, Adventurer, Sailor, Guard, Entertainer","Commoner, Adventurer, Sailor, Guard, Entertainer",4,4
Hospitality_CommonLabor,Barboy,Barmaid,serves drinks and food in a bar as well as engaging with customers.,0,"Commoner, Adventurer, Sailor, Guard, Entertainer","Commoner, Adventurer, Sailor, Guard, Entertainer",4,4
Hospitality_CommonLabor,Butcher,,cuts up and sells meat.,1,"Commoner, Adventurer, Sailor, Guard, Entertainer","Guild leader, Bishop, Bandit King, Ranger, Corsair, Low Government",4,8
Hospitality_CommonLabor,Butler,,the chief servant of a household.,0,"Commoner, Adventurer, Sailor, Guard, Entertainer","Master craftsman, Artisan, Miller, Scout",4,6
Hospitality_CommonLabor,Caregiver,,"looks after a sick, elderly, or disabled person.",0,"Commoner, Adventurer, Sailor, Guard, Entertainer","Commoner, Adventurer, Sailor, Guard, Entertainer",4,4
Hospitality_CommonLabor,Charcoal Maker,,manufactures charcoal by carbonizing wood in a kiln.,0,"Commoner, Adventurer, Sailor, Guard, Entertainer","Commoner, Adventurer, Sailor, Guard, Entertainer",4,4
Hospitality_CommonLabor,Chatelaine,Majordomo,a person in charge of a large household.,0,"Commoner, Adventurer, Sailor, Guard, Entertainer","Commoner, Adventurer, Sailor, Guard, Entertainer",4,4
Hospitality_CommonLabor,Chimney Sweeper,,"a small person, typically a child, who ascends chimneys to clean them.",0,"Commoner, Adventurer, Sailor, Guard, Entertainer","Commoner, Adventurer, Sailor, Guard, Entertainer",4,4
Hospitality_CommonLabor,Clerk,,undertakes routine administrative duties in a business or bank.,0,"Commoner, Adventurer, Sailor, Guard, Entertainer","Commoner, Adventurer, Sailor, Guard, Entertainer",4,4
Hospitality_CommonLabor,Cook,,prepares food for eating.,0,"Guild apprentice, Journeyman, Militia member","Master craftsman, Artisan, Miller, Scout",5,6
Hospitality_CommonLabor,Copyist,,makes copies of handwritten documents or music.,0,"Guild apprentice, Journeyman, Militia member","Master craftsman, Artisan, Miller, Scout",5,6
Hospitality_CommonLabor,Croupier,,runs a gaming table by gathering in and paying out money or tokens.,0,"Commoner, Adventurer, Sailor, Guard, Entertainer","Commoner, Adventurer, Sailor, Guard, Entertainer",4,4
Hospitality_CommonLabor,Exterminator,,exterminates unwanted rodents and insects.,1,"Guild apprentice, Journeyman, Militia member","Merchant, Soldier, Watchman, Archer, Business Owner, Renowed Entertainer",5,7
Hospitality_CommonLabor,Food Taster,,ingests food that was prepared for someone else to confirm it is safe to eat.,0,"Commoner, Adventurer, Sailor, Guard, Entertainer","Commoner, Adventurer, Sailor, Guard, Entertainer",4,4
Hospitality_CommonLabor,Gardener,,tends and cultivates a garden.,1,"Guild apprentice, Journeyman, Militia member","Merchant, Soldier, Watchman, Archer, Business Owner, Renowed Entertainer",5,7
Hospitality_CommonLabor,Gongfarmer,,digs out and removes excrement from privies and cesspits.,1,"Peasant, Farmer, Laborer","Commoner, Adventurer, Sailor, Guard, Entertainer",3,4
Hospitality_CommonLabor,Gravedigger,,digs graves for the purposes of a funeral ceremony.,0,"Peasant, Farmer, Laborer","Commoner, Adventurer, Sailor, Guard, Entertainer",3,4
Hospitality_CommonLabor,Groundskeeper,,"maintains an athletic field, a park, or the grounds of a graveyard or other institution.",0,"Peasant, Farmer, Laborer","Commoner, Adventurer, Sailor, Guard, Entertainer",3,4
Hospitality_CommonLabor,Kitchen Drudge,,performs menial work in a kitchen.,0,"Peasant, Farmer, Laborer","Commoner, Adventurer, Sailor, Guard, Entertainer",3,4
Hospitality_CommonLabor,Knacker,,disposes of dead or unwanted animals.,0,"Peasant, Farmer, Laborer","Commoner, Adventurer, Sailor, Guard, Entertainer",3,4
Hospitality_CommonLabor,Lamplighter,,lights street or road lights at dusk.,0,"Peasant, Farmer, Laborer","Commoner, Adventurer, Sailor, Guard, Entertainer",3,4
Hospitality_CommonLabor,Laundry Worker,,"a laborer who takes part in the washing, drying, and ironing of clothes and other fabric items.",0,"Peasant, Farmer, Laborer","Commoner, Adventurer, Sailor, Guard, Entertainer",3,4
Hospitality_CommonLabor,Lector,,reads to others while they work for entertainment.,0,"Peasant, Farmer, Laborer","Commoner, Adventurer, Sailor, Guard, Entertainer",3,4
Hospitality_CommonLabor,Longshoreman,,loads and unloads ships in a port.,0,"Peasant, Farmer, Laborer","Commoner, Adventurer, Sailor, Guard, Entertainer",3,4
Hospitality_CommonLabor,Maid,,a domestic servant of a household.,0,"Peasant, Farmer, Laborer","Commoner, Adventurer, Sailor, Guard, Entertainer",3,4
Hospitality_CommonLabor,Nanny,,a servant employed to look after a young child or children.,0,"Peasant, Farmer, Laborer","Commoner, Adventurer, Sailor, Guard, Entertainer",3,4
Hospitality_CommonLabor,Operator,,"a laborer who operates equipment, typically in construction.",0,"Peasant, Farmer, Laborer","Commoner, Adventurer, Sailor, Guard, Entertainer",3,4
Hospitality_CommonLabor,Pastry Chef,,"makes desserts, especially cakes and pastries.",1,"Guild apprentice, Journeyman, Militia member","Merchant, Soldier, Watchman, Archer, Business Owner, Renowed Entertainer",5,7
Hospitality_CommonLabor,Plumber,,installs and repairs the fittings of water supply and sanitation.,1,"Guild apprentice, Journeyman, Militia member","Merchant, Soldier, Watchman, Archer, Business Owner, Renowed Entertainer",5,7
Hospitality_CommonLabor,Porter,,carries luggage and other loads.,0,"Peasant, Farmer, Laborer","Commoner, Adventurer, Sailor, Guard, Entertainer",3,4
Hospitality_CommonLabor,Prostitute,,engages in sexual activity for payment.,0,"Serf, Kobold, Goblin, Bandit","Serf, Kobold, Goblin, Bandit",2,2
Hospitality_CommonLabor,Quarryman,Quarrywoman,quarries stone.,1,"Peasant, Farmer, Laborer","Commoner, Adventurer, Sailor, Guard, Entertainer",3,4
Hospitality_CommonLabor,Servant,,"performs duties for others, especially a person employed in a house or as a personal attendant.",0,"Peasant, Farmer, Laborer","Peasant, Farmer, Laborer",3,3
Hospitality_CommonLabor,Stagehand,,moves scenery or props before or during the performance of a theatrical production.,0,"Peasant, Farmer, Laborer","Peasant, Farmer, Laborer",3,3
Hospitality_CommonLabor,Street Cleaner,,cleans streets and alleyways after dark.,0,"Peasant, Farmer, Laborer","Commoner, Adventurer, Sailor, Guard, Entertainer",3,4
Hospitality_CommonLabor,Talent Scout,,searches for talented individuals who can be employed or promoted.,0,"Guild apprentice, Journeyman, Militia member","Master craftsman, Artisan, Miller, Scout",5,6
Hospitality_CommonLabor,Trainer,,"trains someone in a particular skill, usually physical, for money.",1,"Guild apprentice, Journeyman, Militia member","Merchant, Soldier, Watchman, Archer, Business Owner, Renowed Entertainer",5,7
Hospitality_CommonLabor,Water Bearer,,"brings water from rivers, wells, and lakes back to their settlement.",0,"Peasant, Farmer, Laborer","Commoner, Adventurer, Sailor, Guard, Entertainer",3,4
Hospitality_CommonLabor,Wet Nurse,,a woman employed to suckle another woman’s child.,0,"Peasant, Farmer, Laborer","Commoner, Adventurer, Sailor, Guard, Entertainer",3,4
Magical_Arts,Abjurer,,a mage focused in protective spells.,1,"Guild apprentice, Journeyman, Militia member","Baron, Earl, Margrave, Magnate, Master Duelist, Wizard, Ambassador",5,18
Magical_Arts,Alchemist,,transforms or creates something within nature through (usually) ritualist magic.,1,"Guild apprentice, Journeyman, Militia member","Baron, Earl, Margrave, Magnate, Master Duelist, Wizard, Ambassador",5,18
Magical_Arts,Archmage,,an extremely powerful mage.,0,"Guild apprentice, Journeyman, Militia member","Baron, Earl, Margrave, Magnate, Master Duelist, Wizard, Ambassador",5,18
Magical_Arts,Artificer,,unlocks magic in everyday objects as well as being an inventor.,1,"Guild apprentice, Journeyman, Militia member","Baron, Earl, Margrave, Magnate, Master Duelist, Wizard, Ambassador",5,18
Magical_Arts,Bard,,uses their artistic talents to induce magical effects.,1,"Guild apprentice, Journeyman, Militia member","Baron, Earl, Margrave, Magnate, Master Duelist, Wizard, Ambassador",5,18
Magical_Arts,Conjuror,,conjures spirits or familiars.,1,"Guild apprentice, Journeyman, Militia member","Baron, Earl, Margrave, Magnate, Master Duelist, Wizard, Ambassador",5,18
Magical_Arts,Druid,,"a mage attuned to the magical forces of nature, able to shapeshift, call on the elements, communicate with flora and fauna, etc.",1,"Guild apprentice, Journeyman, Militia member","Baron, Earl, Margrave, Magnate, Master Duelist, Wizard, Ambassador",5,18
Magical_Arts,Elementalist,,manipulates nature’s elements to their will.,1,"Guild apprentice, Journeyman, Militia member","Baron, Earl, Margrave, Magnate, Master Duelist, Wizard, Ambassador",5,18
Magical_Arts,Enchanter,Enchantress,uses sorcery to put someone or something under a spell.,1,"Guild apprentice, Journeyman, Militia member","Baron, Earl, Margrave, Magnate, Master Duelist, Wizard, Ambassador",5,18
Magical_Arts,Evoker,,manipulates energy or taps into an unseen source of power in order to produce a desired kinetic end.,1,"Guild apprentice, Journeyman, Militia member","Baron, Earl, Margrave, Magnate, Master Duelist, Wizard, Ambassador",5,18
Magical_Arts,Healer,,able to cure a disease or injury using magic.,1,"Guild apprentice, Journeyman, Militia member","Baron, Earl, Margrave, Magnate, Master Duelist, Wizard, Ambassador",5,18
Magical_Arts,Hearth Wizard,Hearth Witch,incorporates spells and enchantments in cooking.,1,"Guild apprentice, Journeyman, Militia member","Baron, Earl, Margrave, Magnate, Master Duelist, Wizard, Ambassador",5,18
Magical_Arts,Illusionist,,performs tricks and spells that deceive the senses.,1,"Guild apprentice, Journeyman, Militia member","Baron, Earl, Margrave, Magnate, Master Duelist, Wizard, Ambassador",5,18
Magical_Arts,Mage,,a magic-user.,0,"Guild apprentice, Journeyman, Militia member","Master merchant, Councilor, Paladin, Cleric",5,9
Magical_Arts,Medium,,"uses extrasensory perception, magic, or divine powers to identify information hidden from the normal senses.",1,"Guild apprentice, Journeyman, Militia member","Baron, Earl, Margrave, Magnate, Master Duelist, Wizard, Ambassador",5,18
Magical_Arts,Meteorologist,,forecasts and manipulates weather.,1,"Guild apprentice, Journeyman, Militia member","Baron, Earl, Margrave, Magnate, Master Duelist, Wizard, Ambassador",5,18
Magical_Arts,Necromancer,,communicates with and conjures the spirits of the dead.,1,"Serf, Kobold, Goblin, Bandit","King, Queen",2,50
Magical_Arts,Ritualist,,practices or advocates the observance of ritual (formula intended to trigger a magical effect on a person or objects).,1,"Guild apprentice, Journeyman, Militia member","Baron, Earl, Margrave, Magnate, Master Duelist, Wizard, Ambassador",5,18
Magical_Arts,Runecaster,,uses special alphabets to create runes (symbols possessing magical effects capable of being used multiple times).,1,"Guild apprentice, Journeyman, Militia member","Baron, Earl, Margrave, Magnate, Master Duelist, Wizard, Ambassador",5,18
Magical_Arts,Sage,,a wise and experienced magic-user.,0,"Guild leader, Bishop, Bandit King, Ranger, Corsair, Low Government","Kight or Petty Noble, Cult Leader, Court Jester, Senator, Upper Government",8,12
Magical_Arts,Seer,Oracle,able to see what the future holds through supernatural insight.,1,"Guild leader, Bishop, Bandit King, Ranger, Corsair, Low Government","Kight or Petty Noble, Cult Leader, Court Jester, Senator, Upper Government",8,12
Magical_Arts,Shaman,,accesses and influences the world of good and evil spirits.,1,"Guild apprentice, Journeyman, Militia member","Baron, Earl, Margrave, Magnate, Master Duelist, Wizard, Ambassador",5,18
Magical_Arts,Shapeshifter,,a person with the ability to change their physical form.,1,"Guild apprentice, Journeyman, Militia member","Kight or Petty Noble, Cult Leader, Court Jester, Senator, Upper Government",5,12
Magical_Arts,Sorcerer,Sorceress,derives their magical abilities innately rather than through study.,1,"Guild apprentice, Journeyman, Militia member","Baron, Earl, Margrave, Magnate, Master Duelist, Wizard, Ambassador",5,18
Magical_Arts,Summoner,,"a mage able to summon forth magical beasts, creatures, and monsters.",1,"Guild apprentice, Journeyman, Militia member","Baron, Earl, Margrave, Magnate, Master Duelist, Wizard, Ambassador",5,18
Magical_Arts,Transmuter,,"alters matter in form, appearance, or nature.",1,"Guild apprentice, Journeyman, Militia member","Baron, Earl, Margrave, Magnate, Master Duelist, Wizard, Ambassador",5,18
Magical_Arts,Warlock,,a mage who has gained their abilities by forming a pact with an otherworldly being.,0,"Guild apprentice, Journeyman, Militia member","Baron, Earl, Margrave, Magnate, Master Duelist, Wizard, Ambassador",5,18
Magical_Arts,Witchdoctor,,"a tribal mage with powers of healing, divination, and protection against the magic of others.",0,"Guild apprentice, Journeyman, Militia member","Baron, Earl, Margrave, Magnate, Master Duelist, Wizard, Ambassador",5,18
Magical_Arts,Witch,,"a woman who has supernatural powers and practices sorcery, typically in solitude.",0,"Guild apprentice, Journeyman, Militia member","Baron, Earl, Margrave, Magnate, Master Duelist, Wizard, Ambassador",5,18
Magical_Arts,Wizard,,derives their magical abilities through study.,0,"Guild apprentice, Journeyman, Militia member","Baron, Earl, Margrave, Magnate, Master Duelist, Wizard, Ambassador",5,18
Magical_Arts,Wordsmith,,draws their power from language and casts by dictation.,0,"Guild apprentice, Journeyman, Militia member","Kight or Petty Noble, Cult Leader, Court Jester, Senator, Upper Government",5,12
Military_Security,Admiral,,commands a fleet or naval squadron.,0,"Lord or Lady, Merchant Prince, Noble, General, Admiral, High Government","Lord or Lady, Merchant Prince, Noble, General, Admiral, High Government",14,16
Military_Security,Archer,,"in long-range weapons, such as the bow, crossbow, sling, etc. to inflict damage from afar.",0,"Guild apprentice, Journeyman, Militia member","Merchant, Soldier, Watchman, Archer, Business Owner, Renowed Entertainer",5,7
Military_Security,Bailiff,,looks after prisoners.,0,"Commoner, Adventurer, Sailor, Guard, Entertainer","Commoner, Adventurer, Sailor, Guard, Entertainer",4,4
Military_Security,Bodyguard,,"escorts and protects another person, especially a dignitary.",0,"Guild apprentice, Journeyman, Militia member","Master craftsman, Artisan, Miller, Scout",5,6
Military_Security,Bouncer,,prevents troublemakers from entering or to eject them from the premises of an establishment.,0,"Commoner, Adventurer, Sailor, Guard, Entertainer","Commoner, Adventurer, Sailor, Guard, Entertainer",4,4
Military_Security,Captain,,an army officer of high rank in charge of commanding squadrons of soldiers.,0,"Ship or Army Captain, Mayor, Clan Chieftain, Caravan master, Middle Government","Ship or Army Captain, Mayor, Clan Chieftain, Caravan master, Middle Government",10,10
Military_Security,Castellan,,the governor of a castle.,0,"Noble Heir, Castle Commander, Master of Spies, Herald","Noble Heir, Castle Commander, Master of Spies, Herald",13,14
Military_Security,Cavalier,,a skilled horseback rider.,0,"Master craftsman, Artisan, Miller, Scout","Master craftsman, Artisan, Miller, Scout",6,6
Military_Security,City Watch,,an officer of law enforcement who resides in larger towns or cities.,0,"Merchant, Soldier, Watchman, Archer, Business Owner, Renowed Entertainer","Merchant, Soldier, Watchman, Archer, Business Owner, Renowed Entertainer",7,7
Military_Security,Commissar,,teaches principles and policies to military units.,0,"Merchant, Soldier, Watchman, Archer, Business Owner, Renowed Entertainer","Merchant, Soldier, Watchman, Archer, Business Owner, Renowed Entertainer",7,7
Military_Security,Constable,,"an officer with limited policing authority, typically in a small town.",0,"Guild leader, Bishop, Bandit King, Ranger, Corsair, Low Government","Guild leader, Bishop, Bandit King, Ranger, Corsair, Low Government",8,8
Military_Security,Detective,,investigates and solves crimes.,1,"Master craftsman, Artisan, Miller, Scout","Master craftsman, Artisan, Miller, Scout",6,6
Military_Security,Drummer,,a non-combatant foot soldier who sounds signals for changes in formation in combat.,0,"Commoner, Adventurer, Sailor, Guard, Entertainer","Commoner, Adventurer, Sailor, Guard, Entertainer",4,4
Military_Security,Duelist,,skilled in one-on-one combat.,0,"Merchant, Soldier, Watchman, Archer, Business Owner, Renowed Entertainer","Baron, Earl, Margrave, Magnate, Master Duelist, Wizard, Ambassador",7,17
Military_Security,Executioner,,carries out a sentence of death on a legally condemned person.,0,"Peasant, Farmer, Laborer","Peasant, Farmer, Laborer",3,3
Military_Security,Firefighter,,extinguishes fires.,0,"Guild apprentice, Journeyman, Militia member","Guild leader, Bishop, Bandit King, Ranger, Corsair, Low Government",5,8
Military_Security,Guard,,"a person who keeps watch, especially a soldier or other person formally assigned to protect a person or to control access to a place.",0,"Commoner, Adventurer, Sailor, Guard, Entertainer","Commoner, Adventurer, Sailor, Guard, Entertainer",4,4
Military_Security,General,,the chief commander of an army.,0,"Lord or Lady, Merchant Prince, Noble, General, Admiral, High Government","Lord or Lady, Merchant Prince, Noble, General, Admiral, High Government",14,16
Military_Security,Inspection Officer,,responsible for the inspection of military units to ensure they meet appropriate standards of training and efficiency.,0,"Ship or Army Captain, Mayor, Clan Chieftain, Caravan master, Middle Government","Kight or Petty Noble, Cult Leader, Court Jester, Senator, Upper Government",10,12
Military_Security,Intelligence Officer,,"collects, compiles and organizes information about the enemy",0,"Ship or Army Captain, Mayor, Clan Chieftain, Caravan master, Middle Government","Kight or Petty Noble, Cult Leader, Court Jester, Senator, Upper Government",10,12
Military_Security,Jailer,,supervises a jail and the prisoners in it.,0,"Commoner, Adventurer, Sailor, Guard, Entertainer","Merchant, Soldier, Watchman, Archer, Business Owner, Renowed Entertainer",4,7
Military_Security,Lieutenant,,an officer of middle rank in the armed forces.,0,"Master merchant, Councilor, Paladin, Cleric","Master merchant, Councilor, Paladin, Cleric",9,9
Military_Security,Marksman,,"in long-range weapons, such as the bow, crossbow, sling, etc. to inflict damage from afar.",0,"Merchant, Soldier, Watchman, Archer, Business Owner, Renowed Entertainer","Merchant, Soldier, Watchman, Archer, Business Owner, Renowed Entertainer",7,7
Military_Security,Marshall,,has the charge of the cavalry in the household of a monarch.,0,"Ship or Army Captain, Mayor, Clan Chieftain, Caravan master, Middle Government","Kight or Petty Noble, Cult Leader, Court Jester, Senator, Upper Government",10,12
Military_Security,Medic,,a medical practitioner equipped for the battlefield.,0,"Merchant, Soldier, Watchman, Archer, Business Owner, Renowed Entertainer","Master merchant, Councilor, Paladin, Cleric",7,9
Military_Security,Mercenary,,"a soldier without allegiance who works for money, typically a member of a company or guild.",1,"Commoner, Adventurer, Sailor, Guard, Entertainer","Merchant, Soldier, Watchman, Archer, Business Owner, Renowed Entertainer",4,7
Military_Security,Privateer,,engages in maritime warfare under a commission of war.,1,"Commoner, Adventurer, Sailor, Guard, Entertainer","Merchant, Soldier, Watchman, Archer, Business Owner, Renowed Entertainer",4,7
Military_Security,Quartermaster,,"responsible for providing quarters, rations, clothing, and other supplies.",0,"Merchant, Soldier, Watchman, Archer, Business Owner, Renowed Entertainer","Master merchant, Councilor, Paladin, Cleric",7,9
Military_Security,Royal Guard,,responsible for the protection of a royal person.,0,"Kight or Petty Noble, Cult Leader, Court Jester, Senator, Upper Government","Kight or Petty Noble, Cult Leader, Court Jester, Senator, Upper Government",11,12
Military_Security,Runner,,carries information between lines in wartime.,0,"Guild apprentice, Journeyman, Militia member","Guild apprentice, Journeyman, Militia member",5,5
Military_Security,Sapper,,"a soldier responsible for tasks such as building and repairing roads and bridges, laying and clearing mines, etc.",0,"Merchant, Soldier, Watchman, Archer, Business Owner, Renowed Entertainer","Merchant, Soldier, Watchman, Archer, Business Owner, Renowed Entertainer",7,7
Military_Security,Sergeant,,"an officer instructed with a protective duty, typically worth “half a knight” in regard.",0,"Guild leader, Bishop, Bandit King, Ranger, Corsair, Low Government","Guild leader, Bishop, Bandit King, Ranger, Corsair, Low Government",8,8
Military_Security,Sergeant-at-Arms,,"charged with keeping order during meetings and, if necessary, participates in battle.",0,"Master merchant, Councilor, Paladin, Cleric","Master merchant, Councilor, Paladin, Cleric",9,9
Military_Security,Scout,,"sent ahead of a main force so as to gather information about the enemy’s position, strength, or movements.",0,"Master craftsman, Artisan, Miller, Scout","Master craftsman, Artisan, Miller, Scout",6,6
Military_Security,Siege Artilleris,,works the artillery machines of an army.,0,"Merchant, Soldier, Watchman, Archer, Business Owner, Renowed Entertainer","Merchant, Soldier, Watchman, Archer, Business Owner, Renowed Entertainer",7,7
Military_Security,Slave Driver,,oversees and urges on slaves at work.,1,"Merchant, Soldier, Watchman, Archer, Business Owner, Renowed Entertainer","Merchant, Soldier, Watchman, Archer, Business Owner, Renowed Entertainer",7,7
Military_Security,Soldier,,serves in an army.,0,"Merchant, Soldier, Watchman, Archer, Business Owner, Renowed Entertainer","Merchant, Soldier, Watchman, Archer, Business Owner, Renowed Entertainer",7,7
Military_Security,Special Force Soldier,,carries out special operations.,0,"Master merchant, Councilor, Paladin, Cleric","Master merchant, Councilor, Paladin, Cleric",9,9
Military_Security,Spy,,"secretly collects and reports information on the activities, movements, and plans of an enemy or competitor.",0,"Kight or Petty Noble, Cult Leader, Court Jester, Senator, Upper Government","Kight or Petty Noble, Cult Leader, Court Jester, Senator, Upper Government",11,12
Military_Security,Tactician,,uses a carefully planned military strategy to achieve a specific end.,0,"Merchant, Soldier, Watchman, Archer, Business Owner, Renowed Entertainer","Merchant, Soldier, Watchman, Archer, Business Owner, Renowed Entertainer",7,7
Military_Security,Tollkeeper,,"collects tolls at a bridge, road etc. where a charge is made.",0,"Commoner, Adventurer, Sailor, Guard, Entertainer","Commoner, Adventurer, Sailor, Guard, Entertainer",4,4
Military_Security,Torturer,,inflicts severe pain on someone as a punishment or in order to force them to do or say something.,0,"Commoner, Adventurer, Sailor, Guard, Entertainer","Commoner, Adventurer, Sailor, Guard, Entertainer",4,4
Military_Security,Warden,,responsible for the supervision of a particular place or thing or for ensuring that regulations associated with it are obeyed.,0,"Guild leader, Bishop, Bandit King, Ranger, Corsair, Low Government","Guild leader, Bishop, Bandit King, Ranger, Corsair, Low Government",8,8
Military_Security,Warmage,,a soldier skilled in destructive battle magic.,0,"Guild apprentice, Journeyman, Militia member","Kight or Petty Noble, Cult Leader, Court Jester, Senator, Upper Government",5,11
Religion,Abbot,Abbess,the head of an abbey of monks.,0,"Lord or Lady, Merchant Prince, Noble, General, Admiral, High Government","Baron, Earl, Margrave, Magnate, Master Duelist, Wizard, Ambassador",14,18
Religion,Acolyte,,assists the celebrant in a religious service or procession.,0,"Ship or Army Captain, Mayor, Clan Chieftain, Caravan master, Middle Government","Kight or Petty Noble, Cult Leader, Court Jester, Senator, Upper Government",10,12
Religion,Almoner,,distributes money and food to poor people.,0,"Guild leader, Bishop, Bandit King, Ranger, Corsair, Low Government","Ship or Army Captain, Mayor, Clan Chieftain, Caravan master, Middle Government",8,10
Religion,Archbishop,,"responsible for an archdiocese, their surrounding district.",0,"Hero of Great Renown, High Priest of the Faith","Hero of Great Renown, High Priest of the Faith",31,38
Religion,Bishop,,"a senior member of the clergy, usually in charge of a diocese and empowered to confer holy orders.",0,"Lord or Lady, Merchant Prince, Noble, General, Admiral, High Government","Baron, Earl, Margrave, Magnate, Master Duelist, Wizard, Ambassador",14,18
Religion,Cantor,,sings liturgical music and leads prayer in a synagogue.,0,"Master craftsman, Artisan, Miller, Scout","Master craftsman, Artisan, Miller, Scout",6,6
Religion,Cardinal,,"a leading dignitary of a church, nominated by the highest official.",0,"Duke, Duchess, Royal Heir, Supreme Swordsman","Duke, Duchess, Royal Heir, Supreme Swordsman",26,30
Religion,Chaplain,,"a member of the clergy attached to a private chapel, institution, ship, branch of the armed forces, etc.",0,"Ship or Army Captain, Mayor, Clan Chieftain, Caravan master, Middle Government","Lord or Lady, Merchant Prince, Noble, General, Admiral, High Government",10,16
Religion,Cleric,,"has devoted their entire being to the will of their god, thus gaining magical powers.",0,"Master merchant, Councilor, Paladin, Cleric","Master merchant, Councilor, Paladin, Cleric",9,9
Religion,Confessor,,hears confessions and gives absolution and spiritual counsel.,0,"Merchant, Soldier, Watchman, Archer, Business Owner, Renowed Entertainer","Merchant, Soldier, Watchman, Archer, Business Owner, Renowed Entertainer",7,7
Religion,Cultist,,a member of a cult who generally lives outside of conventional society and worships an unorthodox patron.,0,"Serf, Kobold, Goblin, Bandit","Serf, Kobold, Goblin, Bandit",2,2
Religion,Cult Leader,,the organizational leader of a cult who is occasionally also the founder.,1,"Guild leader, Bishop, Bandit King, Ranger, Corsair, Low Government","Guild leader, Bishop, Bandit King, Ranger, Corsair, Low Government",8,8
Religion,Deacon,,an ordained minister of an order ranking below that of priest.,0,"Provincial Governor, Keeper of Treasury","Provincial Governor, Keeper of Treasury",19,20
Religion,Diviner,,seeks ultimate divination in order to further understand or meet godly substance.,1,"Guild apprentice, Journeyman, Militia member","Merchant, Soldier, Watchman, Archer, Business Owner, Renowed Entertainer",5,7
Religion,Exorcist,,expels or attempts to expel evil spirits from a person or place.,0,"Master craftsman, Artisan, Miller, Scout","Master craftsman, Artisan, Miller, Scout",6,6
Religion,High Priest,,the chief priest of a religion.,0,"Hero of Great Renown, High Priest of the Faith","Hero of Great Renown, High Priest of the Faith",31,40
Religion,Inquisitor,,seeks to eliminate heresy and other things contrary to the doctrine or teachings of their faith.,0,"Ship or Army Captain, Mayor, Clan Chieftain, Caravan master, Middle Government","Ship or Army Captain, Mayor, Clan Chieftain, Caravan master, Middle Government",10,10
Religion,Missionary,,goes on a religious mission to promote their faith in a foreign place.,0,"Guild apprentice, Journeyman, Militia member","Merchant, Soldier, Watchman, Archer, Business Owner, Renowed Entertainer",5,7
Religion,Monk,,"able to manifest their spirituality through a calm, centered being and thus gain abilities which function similarly to magic.",0,"Commoner, Adventurer, Sailor, Guard, Entertainer","Commoner, Adventurer, Sailor, Guard, Entertainer",4,4
Religion,Nun,,"a member of a religious community of women, especially a cloistered one, living under vows of poverty, chastity, and obedience.",0,"Commoner, Adventurer, Sailor, Guard, Entertainer","Commoner, Adventurer, Sailor, Guard, Entertainer",4,4
Religion,Paladin,,a holy knight and divine spellcaster crusading in the name of good and order.,0,"Master merchant, Councilor, Paladin, Cleric","Master merchant, Councilor, Paladin, Cleric",9,9
Religion,Pardoner,,raises money for religious works by soliciting offerings and granting indulgences.,1,"Commoner, Adventurer, Sailor, Guard, Entertainer","Commoner, Adventurer, Sailor, Guard, Entertainer",4,4
Religion,Priest,,has the authority to perform certain rites and administer certain sacraments.,0,"Guild leader, Bishop, Bandit King, Ranger, Corsair, Low Government","Guild leader, Bishop, Bandit King, Ranger, Corsair, Low Government",8,8
Religion,Prophet,,regarded as an inspired teacher or proclaimer of the will of God.,0,"Mythic Hero, Demigod","Mythic Hero, Demigod",61,70
Religion,Sexton,,"looks after a church and churchyard, sometimes acting as bell-ringer and formerly as a gravedigger.",0,"Peasant, Farmer, Laborer","Commoner, Adventurer, Sailor, Guard, Entertainer",3,4
Religion,Templar,,fights in a religious military order.,0,"Merchant, Soldier, Watchman, Archer, Business Owner, Renowed Entertainer","Master merchant, Councilor, Paladin, Cleric",7,9
Science_Math_Education,Abecedarian,,teaches the illiterate.,1,"Commoner, Adventurer, Sailor, Guard, Entertainer","Merchant, Soldier, Watchman, Archer, Business Owner, Renowed Entertainer",4,7
Science_Math_Education,Accoucheur,Obstetrician,assists in childbirth and the care of women giving birth.,0,"Commoner, Adventurer, Sailor, Guard, Entertainer","Commoner, Adventurer, Sailor, Guard, Entertainer",4,4
Science_Math_Education,Anthropologist,,"studies the customs, beliefs, and relationships of humanoids and intellectually and culturally advanced creatures.",0,"Guild apprentice, Journeyman, Militia member","Kight or Petty Noble, Cult Leader, Court Jester, Senator, Upper Government",5,12
Science_Math_Education,Apothecary,,"prepares and sells medicines, drugs, and potions.",1,"Guild apprentice, Journeyman, Militia member","Merchant, Soldier, Watchman, Archer, Business Owner, Renowed Entertainer",5,7
Science_Math_Education,Apprentice,,studies a trade under a skilled employer.,0,"Guild apprentice, Journeyman, Militia member","Kight or Petty Noble, Cult Leader, Court Jester, Senator, Upper Government",5,12
Science_Math_Education,Archaeologist,,studies humanoid history and prehistory through the excavation of sites and the analysis of artifacts and other physical remains.,0,"Guild apprentice, Journeyman, Militia member","Kight or Petty Noble, Cult Leader, Court Jester, Senator, Upper Government",5,12
Science_Math_Education,Archivist,,maintains and is in charge of archives.,1,"Guild apprentice, Journeyman, Militia member","Kight or Petty Noble, Cult Leader, Court Jester, Senator, Upper Government",5,12
Science_Math_Education,Assayer,,"determiner of the proportions of metal in ore and the amount of copper, silver, gold, or platinum in coins.",1,"Guild apprentice, Journeyman, Militia member","Kight or Petty Noble, Cult Leader, Court Jester, Senator, Upper Government",5,12
Science_Math_Education,Astrologer,,uses astrology to tell others about their character or to predict their future.,1,"Guild apprentice, Journeyman, Militia member","Merchant, Soldier, Watchman, Archer, Business Owner, Renowed Entertainer",5,7
Science_Math_Education,Astronomer,,makes observations of celestial and scientific phenomena within the material plane.,1,"Guild apprentice, Journeyman, Militia member","Kight or Petty Noble, Cult Leader, Court Jester, Senator, Upper Government",5,12
Science_Math_Education,Bloodletter,,surgically removes some of a patient’s blood for therapeutic purposes.,1,"Guild apprentice, Journeyman, Militia member","Merchant, Soldier, Watchman, Archer, Business Owner, Renowed Entertainer",5,7
Science_Math_Education,Botanist,,an expert in or student of the scientific study of plants.,1,"Guild apprentice, Journeyman, Militia member","Kight or Petty Noble, Cult Leader, Court Jester, Senator, Upper Government",5,12
Science_Math_Education,Cartographer,,a scholar and illustrator of maps.,1,"Guild apprentice, Journeyman, Militia member","Kight or Petty Noble, Cult Leader, Court Jester, Senator, Upper Government",5,12
Science_Math_Education,Chemist,,engaged in chemical research or experiments.,1,"Guild apprentice, Journeyman, Militia member","Kight or Petty Noble, Cult Leader, Court Jester, Senator, Upper Government",5,12
Science_Math_Education,Dean,,the head of a college or university.,0,"Kight or Petty Noble, Cult Leader, Court Jester, Senator, Upper Government","Lord or Lady, Merchant Prince, Noble, General, Admiral, High Government",11,16
Science_Math_Education,Doctor,,a qualified practitioner of medicine.,1,"Guild leader, Bishop, Bandit King, Ranger, Corsair, Low Government","Lord or Lady, Merchant Prince, Noble, General, Admiral, High Government",8,16
Science_Math_Education,Drakologist,,studies or is an expert in the branch of zoology concerned with dragons.,1,"Guild apprentice, Journeyman, Militia member","Master merchant, Councilor, Paladin, Cleric",5,9
Science_Math_Education,Engineer,,designer of a machine or structure.,0,"Guild leader, Bishop, Bandit King, Ranger, Corsair, Low Government","Lord or Lady, Merchant Prince, Noble, General, Admiral, High Government",8,16
Science_Math_Education,Entomologist,,studies or is an expert in the branch of zoology concerned with insects.,1,"Guild leader, Bishop, Bandit King, Ranger, Corsair, Low Government","Lord or Lady, Merchant Prince, Noble, General, Admiral, High Government",8,16
Science_Math_Education,Herbalist,,practices healing by the use of herbs.,1,"Guild apprentice, Journeyman, Militia member","Master merchant, Councilor, Paladin, Cleric",5,9
Science_Math_Education,Historian,,"an expert in or student of history, especially that of a particular period, geographical region, or social phenomenon.",0,"Guild leader, Bishop, Bandit King, Ranger, Corsair, Low Government","Lord or Lady, Merchant Prince, Noble, General, Admiral, High Government",8,16
Science_Math_Education,Horologist,,a scholar of time and entropy.,0,"Guild leader, Bishop, Bandit King, Ranger, Corsair, Low Government","Lord or Lady, Merchant Prince, Noble, General, Admiral, High Government",8,16
Science_Math_Education,Librarian,,administers or assists in a library.,0,"Guild apprentice, Journeyman, Militia member","Master merchant, Councilor, Paladin, Cleric",5,9
Science_Math_Education,Mathematician,,"a scholar of the abstract science of number, quantity, and space.",0,"Guild leader, Bishop, Bandit King, Ranger, Corsair, Low Government","Lord or Lady, Merchant Prince, Noble, General, Admiral, High Government",8,16
Science_Math_Education,Mortician,,prepares dead bodies for burial or cremation and makes arrangements for funerals.,1,"Guild apprentice, Journeyman, Militia member","Merchant, Soldier, Watchman, Archer, Business Owner, Renowed Entertainer",5,7
Science_Math_Education,Nurse,,"cares for the sick or infirm, especially in a hospital.",0,"Guild apprentice, Journeyman, Militia member","Merchant, Soldier, Watchman, Archer, Business Owner, Renowed Entertainer",5,7
Science_Math_Education,Optometrist,,examines the eyes for visual defects and prescribes eyeglasses.,1,"Guild apprentice, Journeyman, Militia member","Kight or Petty Noble, Cult Leader, Court Jester, Senator, Upper Government",5,12
Science_Math_Education,Philosopher,,"a scholar of the fundamental nature of knowledge, reality, and existence.",0,"Guild apprentice, Journeyman, Militia member","Kight or Petty Noble, Cult Leader, Court Jester, Senator, Upper Government",5,12
Science_Math_Education,Professor,,a teacher of the highest rank in a college or university.,0,"Guild apprentice, Journeyman, Militia member","Kight or Petty Noble, Cult Leader, Court Jester, Senator, Upper Government",5,12
Science_Math_Education,Scholar,,a specialist in a particular branch of study who pursues the acquisition of knowledge.,0,"Guild apprentice, Journeyman, Militia member","Ship or Army Captain, Mayor, Clan Chieftain, Caravan master, Middle Government",5,10
Science_Math_Education,Scribe,,copies out manuscripts.,1,"Guild apprentice, Journeyman, Militia member","Merchant, Soldier, Watchman, Archer, Business Owner, Renowed Entertainer",5,7
Science_Math_Education,Student,,attends school or learns under other to enter and pursue a particular subject.,0,"Guild apprentice, Journeyman, Militia member","Guild apprentice, Journeyman, Militia member",5,5
Science_Math_Education,Surgeon,,practices surgery.,1,"Guild leader, Bishop, Bandit King, Ranger, Corsair, Low Government","Lord or Lady, Merchant Prince, Noble, General, Admiral, High Government",8,16
Science_Math_Education,Taxonomist,,groups organisms into categories,0,"Guild apprentice, Journeyman, Militia member","Master craftsman, Artisan, Miller, Scout",5,6
Science_Math_Education,Teacher,,instructs on a particular skill or subject.,0,"Merchant, Soldier, Watchman, Archer, Business Owner, Renowed Entertainer","Guild leader, Bishop, Bandit King, Ranger, Corsair, Low Government",7,8
Science_Math_Education,Theologian,,engages in the study of the nature of God and religious belief.,0,"Guild leader, Bishop, Bandit King, Ranger, Corsair, Low Government","Lord or Lady, Merchant Prince, Noble, General, Admiral, High Government",8,16
Science_Math_Education,Tutor,,charged with the instruction and guidance of another.,1,"Merchant, Soldier, Watchman, Archer, Business Owner, Renowed Entertainer","Guild leader, Bishop, Bandit King, Ranger, Corsair, Low Government",7,8
Science_Math_Education,Veterinarian,,treats diseased or injured animals.,1,"Guild leader, Bishop, Bandit King, Ranger, Corsair, Low Government","Master merchant, Councilor, Paladin, Cleric",8,9
Science_Math_Education,Zoologist,,"an expert in or a student of the behavior, physiology, classification, and distribution of animals.",0,"Guild leader, Bishop, Bandit King, Ranger, Corsair, Low Government","Master merchant, Councilor, Paladin, Cleric",8,9
Transportation,Boatman,,mans a small seacraft.,1,"Commoner, Adventurer, Sailor, Guard, Entertainer","Commoner, Adventurer, Sailor, Guard, Entertainer",4,4
Transportation,Bosun,,in charge of organizing the equipment and crew of a ship.,0,"Guild apprentice, Journeyman, Militia member","Master craftsman, Artisan, Miller, Scout",5,6
Transportation,Cabin Boy,Cabin Girl,waits on the orders of a ship’s officers and passengers.,0,"Peasant, Farmer, Laborer","Peasant, Farmer, Laborer",3,3
Transportation,Caravaneer,,travels or lives in a caravan.,1,"Commoner, Adventurer, Sailor, Guard, Entertainer","Commoner, Adventurer, Sailor, Guard, Entertainer",4,4
Transportation,Charioteer,,drives a chariot.,0,"Commoner, Adventurer, Sailor, Guard, Entertainer","Commoner, Adventurer, Sailor, Guard, Entertainer",4,4
Transportation,Carter,,transports goods by cart.,1,"Commoner, Adventurer, Sailor, Guard, Entertainer","Commoner, Adventurer, Sailor, Guard, Entertainer",4,4
Transportation,Ferryman,,operates a ferry.,1,"Commoner, Adventurer, Sailor, Guard, Entertainer","Commoner, Adventurer, Sailor, Guard, Entertainer",4,4
Transportation,First Mate,,the deck officer second in command to the master of a ship.,0,"Master merchant, Councilor, Paladin, Cleric","Master merchant, Councilor, Paladin, Cleric",9,9
Transportation,Helmsman,,steers a ship or boat.,0,"Guild leader, Bishop, Bandit King, Ranger, Corsair, Low Government","Guild leader, Bishop, Bandit King, Ranger, Corsair, Low Government",8,8
Transportation,Navigator,,"directs the route or course of a ship or other form of transportation, especially by using instruments and maps.",0,"Guild leader, Bishop, Bandit King, Ranger, Corsair, Low Government","Guild leader, Bishop, Bandit King, Ranger, Corsair, Low Government",8,8
Transportation,Purser,,"keeps the accounts of a ship, especially as the head steward on a passenger vessel.",0,"Guild leader, Bishop, Bandit King, Ranger, Corsair, Low Government","Guild leader, Bishop, Bandit King, Ranger, Corsair, Low Government",8,8
Transportation,Sailor,,works as a member of the crew of a commercial or naval ship or boat.,0,"Commoner, Adventurer, Sailor, Guard, Entertainer","Commoner, Adventurer, Sailor, Guard, Entertainer",4,4
Transportation,Sea Captain,,commands a ship.,1,"Ship or Army Captain, Mayor, Clan Chieftain, Caravan master, Middle Government","Ship or Army Captain, Mayor, Clan Chieftain, Caravan master, Middle Government",10,10
Transportation,Shipwright,,a carpenter skilled in ship construction and repair.,1,"Guild apprentice, Journeyman, Militia member","Merchant, Soldier, Watchman, Archer, Business Owner, Renowed Entertainer",5,7
Transportation,Wagoner,,drives a horse-drawn wagon.,1,"Commoner, Adventurer, Sailor, Guard, Entertainer","Commoner, Adventurer, Sailor, Guard, Entertainer",4,4
Unemployed_SelfEmployed_Outcast,Adventurer,,"wanders the world in search of knowledge, treasure, fame, glory or a multitude of additional wants and desires.",0,"Commoner, Adventurer, Sailor, Guard, Entertainer","Hero of Great Renown, High Priest of the Faith",4,40
Unemployed_SelfEmployed_Outcast,Beggar,,lives by asking for money or food.,0,"Thrall, Bond Servant","Thrall, Bond Servant",1,1
Unemployed_SelfEmployed_Outcast,Blood Hunter,,takes on jobs to hunt down and kill or capture dangerous creatures.,1,"Commoner, Adventurer, Sailor, Guard, Entertainer","Hero of Great Renown, High Priest of the Faith",4,40
Unemployed_SelfEmployed_Outcast,Bounty Hunter,,pursues a criminal or fugitive for whom a reward is offered.,1,"Commoner, Adventurer, Sailor, Guard, Entertainer","Hero of Great Renown, High Priest of the Faith",4,40
Unemployed_SelfEmployed_Outcast,Crossing Sweeper,,sweeps a path ahead of people crossing dirty urban streets in exchange for a gratuity.,0,"Peasant, Farmer, Laborer","Peasant, Farmer, Laborer",3,3
Unemployed_SelfEmployed_Outcast,Deserter,,a member of the armed forces who has deserted.,0,"Thrall, Bond Servant","Thrall, Bond Servant",1,1
Unemployed_SelfEmployed_Outcast,Disgraced Noble,,"a person of high birth who has since loss their respect, honor, or esteem in some or all noble circles.",0,"Commoner, Adventurer, Sailor, Guard, Entertainer","Commoner, Adventurer, Sailor, Guard, Entertainer",4,4
Unemployed_SelfEmployed_Outcast,Drunkard,,a person who is habitually drunk and considers themselves a professional in the task.,0,"Peasant, Farmer, Laborer","Peasant, Farmer, Laborer",3,3
Unemployed_SelfEmployed_Outcast,Dungeon Delver,,navigates underground labyrinths in search of any treasure they may find.,1,"Guild apprentice, Journeyman, Militia member","Merchant, Soldier, Watchman, Archer, Business Owner, Renowed Entertainer",5,7
Unemployed_SelfEmployed_Outcast,Elder,,"a person of a greater age, especially one with a respected position in society.",0,"Guild leader, Bishop, Bandit King, Ranger, Corsair, Low Government","Guild leader, Bishop, Bandit King, Ranger, Corsair, Low Government",8,8
Unemployed_SelfEmployed_Outcast,Exile,,"lives away from their native country, either from choice or compulsion.",0,"Serf, Kobold, Goblin, Bandit","Serf, Kobold, Goblin, Bandit",2,2
Unemployed_SelfEmployed_Outcast,Explorer,,explores unfamiliar areas in search of geographical or scientific information.,1,"Guild apprentice, Journeyman, Militia member","Merchant, Soldier, Watchman, Archer, Business Owner, Renowed Entertainer",5,7
Unemployed_SelfEmployed_Outcast,Ex-Criminal,,"a person who has been convicted of a crime and has since served their sentence, or who has preemptively given up their life of crime.",0,"Serf, Kobold, Goblin, Bandit","Serf, Kobold, Goblin, Bandit",2,2
Unemployed_SelfEmployed_Outcast,Folk Hero,,a celebrity who is greatly admired by many people of a particular kind or in a particular place.,0,"Merchant, Soldier, Watchman, Archer, Business Owner, Renowed Entertainer","Merchant, Soldier, Watchman, Archer, Business Owner, Renowed Entertainer",7,7
Unemployed_SelfEmployed_Outcast,Gambler,,"bets money on sports, card games, or games of chance in the hope of a profit.",0,"Commoner, Adventurer, Sailor, Guard, Entertainer","Commoner, Adventurer, Sailor, Guard, Entertainer",4,4
Unemployed_SelfEmployed_Outcast,Grave Robber,,steals valuables from graves and tombs.,0,"Serf, Kobold, Goblin, Bandit","Serf, Kobold, Goblin, Bandit",2,2
Unemployed_SelfEmployed_Outcast,Heretic,,differs in opinion from established religious dogma.,0,"Peasant, Farmer, Laborer","Peasant, Farmer, Laborer",3,3
Unemployed_SelfEmployed_Outcast,Hermit,,"lives in solitude, typically as a religious or spiritual discipline.",0,"Peasant, Farmer, Laborer","Peasant, Farmer, Laborer",3,3
Unemployed_SelfEmployed_Outcast,Househusband,Housewife,cares for his or her family by managing household affairs and completing housework.,0,"Commoner, Adventurer, Sailor, Guard, Entertainer","Commoner, Adventurer, Sailor, Guard, Entertainer",4,4
Unemployed_SelfEmployed_Outcast,Pilgrim,,"journeys to some sacred place as an act of religious devotion, occasionally to settle there.",0,"Commoner, Adventurer, Sailor, Guard, Entertainer","Commoner, Adventurer, Sailor, Guard, Entertainer",4,4
Unemployed_SelfEmployed_Outcast,Prisoner,,held in confinement as a punishment for crimes they have been convicted of.,0,Slave,Slave,0,0
Unemployed_SelfEmployed_Outcast,Rag-and-Bone Man,,collects unwanted household items and sells them to merchants.,1,"Merchant, Soldier, Watchman, Archer, Business Owner, Renowed Entertainer","Merchant, Soldier, Watchman, Archer, Business Owner, Renowed Entertainer",7,7
Unemployed_SelfEmployed_Outcast,Rebel,,rises in opposition or armed resistance against an established government or ruler.,0,"Merchant, Soldier, Watchman, Archer, Business Owner, Renowed Entertainer","Merchant, Soldier, Watchman, Archer, Business Owner, Renowed Entertainer",7,7
Unemployed_SelfEmployed_Outcast,Refugee,,"leaves their home in order to escape war, persecution, or natural disaster.",0,"Commoner, Adventurer, Sailor, Guard, Entertainer","Commoner, Adventurer, Sailor, Guard, Entertainer",4,4
Unemployed_SelfEmployed_Outcast,Runaway Slave,,a slave who has left their master and traveled without authorization.,0,Slave,Slave,0,0
Unemployed_SelfEmployed_Outcast,Scavenger,,searches for and collects discarded items.,1,"Peasant, Farmer, Laborer","Peasant, Farmer, Laborer",3,3
Unemployed_SelfEmployed_Outcast,Slave,,a person who is the legal property of another and forced to obey them.,0,Slave,Slave,0,0
Unemployed_SelfEmployed_Outcast,Squatter,,unlawfully occupies an uninhabited building or unused land.,0,"Serf, Kobold, Goblin, Bandit","Serf, Kobold, Goblin, Bandit",2,2
Unemployed_SelfEmployed_Outcast,Traveler,,wanders from place to place without a permanent home or job.,0,"Peasant, Farmer, Laborer","Peasant, Farmer, Laborer",3,3
Unemployed_SelfEmployed_Outcast,Urchin,,"a child who lives or spends most of their time in the streets, occasionally working as a thief or pickpocket.",0,"Serf, Kobold, Goblin, Bandit","Serf, Kobold, Goblin, Bandit",2,2